ru,en
и,and
в,in
не,not
он,he
на,on (place)
я,I
что,what
с,with
а,and
это,this is
она,she
по,along
но,but
они,they
к,towards
у,(possession)
из,from
мы,we
за,behind
ты,you
вы,you (plural)
так,so
же,and
от,from (away)
о,about
один,one
ещё,still
бы,would
только,only
себя,ourselves
для,for
уже,already
когда,when
кто,who
вот,there
да,yes
если,if
до,to (direction)
или,or
нет,no
ни,neither
даже,even
под,under
где,where
чтобы,so that
ну,well
два,two
чём,Prepositional of 'что'
там,there
ничто,nothing
потом,afterwards
очень,very
ли,whether
при,at
надо,it is necessary
без,without
теперь,now
сейчас,now
тоже,also
после,after
можно,one can
через,across
здесь,here
тогда,then
ведь,you know
почему,why
потому,because
просто,it is simple
об,about
вдруг,suddenly
никто,nobody
перед,in front of +instrumental case
над,above
конечно,certainly
три,three
несколько,some
пока,bye (informal)
более,more
хорошо,it is good
хотя,though
всегда,always
куда,wherever
сразу,immediately
совсем,completely
почти,almost
снова,again
между,between
много,a lot of
лишь,only
опять,again
однако,however
про,about
никогда,never
будто,as if
именно,exactly
вообще,in general
сегодня,today
вместе,together
таки,indeed
чуть,nearly
сколько,how much
хоть,though
зачем,what for
словно,as if
наконец,finally
назад,ago
быстро,fast
давно,long ago
прямо,straight
долго,a long time
нельзя,can't
оно,it
кроме,except
ж,then
совершенно,totally
поэтому,so
точно,exact
среди,among
также,also
ко,to
вокруг,around
иногда,sometimes
затем,then
оба,both
откуда,from where
четыре,four
особенно,especially
вроде,sort of
например,for example
туда,there
действительно,really
мало,little
равно,is indifferent
сюда,here
слишком,too (much)
чтоб,to
десять,ten
двадцать,twenty
видно,evidently
против,against
немного,a little
разве,perhaps
впрочем,however
тихо,quietly
наверное,Probably
либо,or
домой,homeward
ладно,well
часто,often
сначала,firstly
вперёд,forward
вполне,quite
никак,in no way
едва,hardly
возле,near
довольно,quite
медленно,slowly
ясно,clearly
вчера,yesterday
далеко,far
около,by
завтра,tomorrow
плохо,it is bad
обычно,usually
иначе,otherwise
скоро,quickly
прежде,before
однажды,one day
сквозь,through
мимо,past
возможно,it is possible
кстати,by the way
вместо,instead of
трудно,difficult
менее,less
легко,easy
сто,hundred
вниз,down
вовсе,At all
двое,two
спокойно,quietly
достаточно,it is enough
столько,so much
молча,silently
видимо,apparently
сорок,forty
поскольку,since
шесть,six
неожиданно,unexpectedly
вон,out
спасибо,thanks
впервые,for the first time
сильно,strongly
вновь,again
впереди,in front
пожалуйста,please
нечего,nothing
зато,but
весьма,extremely / very
ибо,for
правильно,right
интересно,it is interesting
невозможно,it is impossible
столь,so
причём,Moreover
недавно,recently
обратно,back
неужели,really
осторожно,carefully
ради,for the sake of
слегка,somewhat
вскоре,soon
вверх,up
семь,seven
обязательно,necessarily
понятно,it is clear
страшно,it is terrible
странно,it is strange
несмотря,despite
отсюда,from here
явно,evidently
оттуда,from there
наверно,probably
немедленно,immediately
резко,sharply
трое,three of ...
вдоль,along
одновременно,at the same time
естественно,naturally
верно,rightly
восемь,eight
наоборот,inside out
гораздо,much
громко,loud
поздно,it is late
пятьдесят,fifty
полностью,completely
вероятно,very likely
наиболее,most
ой,Oh
внутри,inside
тяжело,hardly
постепенно,gradually
собственно,actually
насчёт,as regards
внимательно,attentively
вслед,following
примерно,around
случайно,by chance
нечто,something
весело,funny
постоянно,constantly
настолько,so
прекрасно,excellently
сверху,from above
навстречу,towards
господи,lord
далее,further
полтора,one and a half
внизу,below
важно,it is important
внезапно,suddenly
напротив,opposite
зря,to no purpose
жалко,pitifully
практически,almost
сзади,from behind
честно,honestly
итак,thus
больно,it is painful
очевидно,obviously
рано,it is early
строго,strictly
ниже,lower
наверняка,for sure
приятно,it is pleasant
серьёзно,seriously
вряд,unlikely
навсегда,for ever
тотчас,immediately
спустя,after
обо,about (used only with first person prepositional case pronoun)
крепко,tightly
отчего,why
никуда,nowhere
абсолютно,absolutely
нету,there is no
решительно,resolutely
близко,near
окончательно,finally
редко,rarely
темно,it is dark
слышно,one can hear
еле,hardly
ох,oh
здорово,magnificently
буквально,literally
кругом,round
чисто,it is clean
полчаса,half an hour
двенадцать,twelve
оттого,that is why
ровно,equally
мгновенно,instantly
глубоко,it is deep
девять,nine
твёрдо,firmly
насколько,how much
заранее,beforehand
сперва,at first
широко,wide
изо,from
таков,such
специально,intentionally
благодаря,thanks to
эй,hey
позади,behind
отлично,excellently
слева,to the left
везде,everywhere
тщательно,carefully
путём,by means of
боже,my god
согласно,according to
некогда,there is no time
неплохо,not bad
радостно,With joy
заметно,it is noticeable
немало,quite a lot
холодно,it is cold
ха,ha
непонятно,it is incomprehensible
непременно,without fail
высоко,high
нигде,nowhere
мягко,softly
задумчиво,pensively
коротко,briefly
исключительно,exceptionally
вечно,forever
аккуратно,neatly
незаметно,it does not show
особо,really
смешно,funny
каков,what
якобы,as if /as though / supposedly
увы,alas
удивительно,wonderfully
вслух,aloud
значительно,considerably
ужасно,terribly
невольно,involuntarily
ныне,now
вовремя,on time
ярко,brightly
посреди,in the middle
снизу,from below
меж,betwixt
немножко,a little
де,
дважды,twice
вне,out of
ловко,
русски,
др,birthday
нынче,nowadays
относительно,relatively
крайне,extremely
охотно,willingly
внутрь,inside
недалеко,it is not far
негромко,quietly
накануне,the day before
чрезвычайно,extraordinarily
замуж,marry
срочно,quickly
четверо,four
помимо,besides
грустно,it is sad
нормально,normally
вежливо,politely
неловко,embarrassing
наверх,up
сидя,sitting
шестьдесят,sixty
всерьёз,seriously
впоследствии,afterwards
отнюдь,by no means
неподалёку,not far away
ласково,affectionately
сердито,angrily
вдвоём,two
триста,three hundred
поначалу,at first
отчетливо,clearly
прочь,away
тихонько,quietly
некуда,nowhere
поспешно,in a hurry
напрасно,in vain
стоя,upright
красиво,beautifully
несомненно,undoubtedly
изредка,now and then
включая,including
ранее,before
ай,
глупо,it is foolish
небось,most likely
испуганно,scared
жарко,it is hot
уверенно,confidently
чётко,clearly
удивленно,surprisingly
надолго,for a long time
скучно,boringly
фактически,practically
передо,
следовательно,consequently
искренне,sincerely
издали,from a distance
мысленно,mentally
дескать,they say
нередко,not infrequently
аж,
подобно,like
семьдесят,seventy
военно,militarily
всюду,everywhere
наружу,outside
свободно,freely
недолго,not long
непосредственно,immediately
нехорошо,it is bad
нарочно,on purpose
плотно,close
вначале,at first
растерянно,perplexedly
неприятно,it is unpleasant
пешком,on foot
неудобно,it is inconvenient
безусловно,undoubtedly
соответственно,accordingly
стремительно,Swiftly
обидно,it is a pity
откровенно,frankly
поверх,over
мк,
неподвижно,motionless
некого,there is nobody one can
направо,to the right
налево,to the left
ежели,if
сего,this
опасно,dangerously
светло,it is light
отдельно,separately
подробно,in detail
грубо,roughly
небрежно,casually
нисколько,not at all
торжественно,solemnly
заодно,at the same time
пошло,vulgarly
благополучно,all right
густо,thickly
печально,sadly
научно,scientifically
нежно,tenderly
лениво,lazily
открыто,open
ежедневно,daily
успешно,successfully
потихоньку,slowly
полно,fully
пристально,fixedly
мрачно,grim
сбоку,from one side
мм,
поди,I should not wonder
официально,officially
сухо,it is dry
равнодушно,with indifference
горько,bitterly
целиком,whole
бесплатно,free of charge
мирно,peacefully
нервно,nervously
отчаянно,desperately
низко,low
терпеливо,patiently
вдали,in the distance
глухо,deafly
пусто,be empty
поперёк,across
восемьдесят,eighty
бесшумно,quietly
вплоть,up to
шестнадцать,sixteen
повсюду,everywhere
дружно,in a friendly manner
изнутри,from within
одинаково,equally
насквозь,through
жадно,greedily
неважно,it is unimportant
недостаточно,it is insufficient
гордо,proudly
упорно,persistently
вправо,to the right
тьфу,
попросту,simply
мостовый,
устало,tiredly
тесно,tightly
вправду,really
издалёка,from far away
дорого,expensive
впрямь,really
ничуть,not a bit
шумно,noisily
людской,human
вплотную,close
активно,actively
влево,to the left
стоп,stop
боковой,lateral
ура,hurrah
снаружи,outside
смело,boldly
удобно,it is convenient
самостоятельно,independently
туго,tight
виновато,guiltily
вопреки,in spite of
сравнительно,comparatively
живо,vividly
северо,North
пятьсот,five hundred
пополам,in two
насмешливо,derisively
восемнадцать,eighteen
мучительно,painfully
недаром,not for nothing
противно,II
вс,
тревожно,anxious
бесконечно,infinitely
трижды,three times
пятеро,five
горячо,hotly
внешне,outwardly
ишь,
круто,super cool
невероятно,it is incredible
независимо,independently
вполголоса,in an undertone
послушно,
категорически,categorically
недовольно,unhappy
бессмысленно,senselessly
робко,
автоматически,automatically
подозрительно,it is suspicious
вяло,limply
чересчур,too
наполовину,half
отныне,henceforth
удачно,successfully
смущенно,embarrassingly
семнадцать,seventeen
запросто,unceremoniously
бесполезно,it is useless
остро,sharp
поблизости,near at hand
ля,
судорожно,spasmodically
справедливо,fair
плавно,smooth
бережно,with care
жалобно,
любопытно,it is interesting
скромно,modestly
яростно,furiously
рф,Russian Federation
нежели,than
девяносто,ninety
вблизи,close by
покорно,humbly
черно,black (short form)
сплошь,completely
регулярно,regularly
хмуро,
вследствие,as a result of
намного,way more
втроём,three
предварительно,beforehand
сладко,it is sweet
ненадолго,for a short while
смутно,vaguely
четырнадцать,fourteen
ана,
неужто,
мвд,Ministry of Internal Affairs (Russia)
неоднократно,repeatedly
счастливо,happily
замечательно,it is remarkable
напряжённо,
отчасти,partly
вдобавок,in addition
сложно,it is complicated
угрюмо,sullenly
некто,someone
свыше,from above
английски,
преимущественно,mainly
юго,
оп,
нетрудно,
га,
яков,
упрямо,
нелегко,difficult
неизменно,invariable
привычно,
рассеянно,absentmindedly
вдвое,twice
реально,really
понемногу,little
поистине,indeed
неизбежно,it is inevitable
чп,
нехотя,unwillingly
вовсю,fully
настойчиво,
ого,wow
бодро,cheerfully
социально,socially
сурово,severely
единственно,only
дико,
беззвучно,silently
прочно,solidly
мелко,fine
физически,
хрипло,coarsley
жёстко,it is hard
добровольно,voluntarily
грозно,threateningly
нелепо,it is absurd
непрерывно,uninterruptedly
тайно,secretly
послезавтра,the day after tomorrow
толя,
заново,over again
вопросительно,
шибко,much
зачастую,often
посередине,in the middle
неохотно,unwillingly
сколь,how
изрядно,fairly
приблизительно,approximately
тринадцать,thirteen
начисто,clean
ми,E
частично,in part
прилично,decently
конкретно,specifically
тоскливо,drearily
мельком,in passing
жестоко,cruelly
тупо,dully
негде,there is nowhere
наутро,the next morning
взамен,instead of
летие,
жутко,eerily
частенько,quite frequently
всячески,in every way possible
смертельно,mortally
наизусть,by heart
посредством,by means of
ух,
гм,ahem
необычайно,
подле,by the side of
шмаков,
наедине,in private
человечески,humanely
намерен,intending
этак,so
напоследок,in the end
безо,
подолгу,long
суждено,destined
сознательно,consciously
моментально,instantly
мемуар,memoire
определённо,definitely
полезно,it is useful
уныло,despondently
недоверчиво,with distrust
фу,
притом,besides
злобно,angrily
одиноко,lonely
сдержанно,with restraint
существенно,significantly
позавчера,the day before yesterday
ввиду,in view
основательно,thoroughly
покуда,as long as
маленько,a little
тонко,thinly
тан,
четыреста,four hundred
пронякина,
внутренне,inwardly
тасс,
тускло,dimly
безразлично,it does not matter
предельно,completely
близ,near
щедро,generously
кверху,up
обиженно,resentful
легонько,slightly
быстренько,
хорошенько,thoroughly
теоретически,in theory
настороженно,
тяжко,
незачем,no need
приветливо,friendly
вкусно,it is tasty
поодаль,at some distance
явственно,
шестеро,six
кг,
принципиально,on principle
неинтересно,
отрицательно,negatively
характерно,characteristically
смирно,quietly
умело,skilfully
невесть,
набок,on one side
уютно,cosily
нечаянно,by accident
эдак,
мило,nice
незадолго,shortly
тайком,secretly
тв,
наподобие,like
сочувственно,with sympathy
выгодно,it is advantageous
великолепно,splendidly
добродушно,with bonhomie
энергично,
сердечно,
бешено,
демонстративно,
истинно,truly
бесследно,without leaving a trace
звонко,
душно,air stuffy
облегченно,
болезненно,painfully
гладко,smoothly
сугубо,especially
убедительно,
страстно,passionately
подчас,sometimes
вверху,above
славно,it is nice
хм,
посредине,Middle
косо,slantwise
беличенко,
напрямую,Directly
насмерть,to die
безумно,madly
веня,
неясно,
настежь,wide
алло,hello on the phone
деликатно,delicately
надобно,necessary
добром,
исподлобья,
ль,
назло,to spite
задолго,long before
навеки,for ever
забавно,it is fun
восторженно,enthusiastically
параллельно,parallel
решетнев,
впредь,henceforth
обыкновенно,usually
формально,nominally
вправе,
любезно,kindly
достойно,suitably
враз,all together
босиком,barefoot
гулко,
украдкой,by stealth
публично,publicly
сверх,over
дружески,
су,sou
тщетно,vainly
озабоченно,
ежегодно,yearly
воистину,truly
вдаль,far
иль,
нагло,
угу,
морально,morally
чуточку,a little
достоверно,for certain for sure
надёжно,
плоткин,
поразительно,amazing
загадочно,
условно,on condition that
долл,
девятьсот,nine hundred
давеча,lately
покрепче,
детски,
серо,grey
назавтра,the next day
пронзительно,shrilly
грязно,it is dirty
вконец,completely
профессионально,
логично,logical
взад,
шестьсот,six hundred
извне,from without
долой,down with
периодически,periodically
нестерпимо,
одобрительно,approvingly
общественно,socially
искоса,askance
горестно,sorrowfully
ба,
хитро,slyly
поневоле,willy-nilly
наугад,at random
наглухо,tight
безуспешно,to no effect
ото,
наперёд,in advance
масхадов,
каролина,
кратко,briefly
посему,Therefore
ди,
бледно,
аль,
вредно,harmful
сроду,
ао,
семеро,seven
наскоро,hastily
бокарев,
кабы,If
отовсюду,from everywhere
понимающе,
главый,
никитич,
многократно,repeatedly
неестественно,
поочерёдно,in turn
полуночь,
почём,
разумно,reasonably
вдогонку,after
превосходно,perfectly
неуклюже,awkwardly
добросовестно,
изначально,originally
восемьсот,eight hundred
неудачно,
оживлённо,animatedly
бородкин,
насильно,by force
средь,amid
тошно,
исправно,
заботливо,
беспощадно,
беспокойно,uneasily
зябко,
наяву,when one is awake
неверно,it is not true
налицо,
втайне,in secret
наивно,
властно,bossily
последовательно,constantly
семьсот,seven hundred
напрочь,without a trace
гувд,
спешно,in haste
спереди,in front
ослепительно,
помалу,
изумленно,
вмиг,in an instant
внятно,distinctly
беспрерывно,continuously
вдалеке,in the distance
дополнительно,in addition
прохладно,it is a little cold
бурно,
обильно,
невдалеке,not far off
гневно,angrily
неприлично,indecently
таинственно,
усиленно,
традиционно,traditionally
невесело,
наготове,at call
вдребезги,into smithereens
собственноручно,
усердно,hard
невзначай,by chance
нарочито,deliberately
врасплох,unawares
поминутно,
бессильно,
дурно,badly
культурно,
искусственно,artificially
объективно,
секретно,secretly
убеждённо,with conviction
непросто,not easy
скверно,badly
бесспорно,there is no doubt
охотничье,
наспех,in a hurry
намертво,tightly
взволнованно,with emotion
вдоволь,in plenty
рядышком,near
попутно,in passing
вторично,a second time
заведомо,wittingly
крупно,
мимоходом,in passing
вызывающе,
ехидно,
материально,
однозначно,
сонно,
вбок,sideways
солидно,
вишь,
невнятно,
скорбно,
вглубь,deep down
челышев,
равномерно,evenly
необычно,
доселе,hitherto
ничком,prone
некстати,inopportunely
первоначально,originally
напросто,
дёшево,cheap
отвратительно,disgustingly
неспешно,
маловато,not quite enough
анк,
лукаво,
механически,
намеренно,
модно,
логически,
неумело,
поутру,in the morning
пятью,five times
любовно,
шутливо,
отрывисто,
мо,
мтс,
кротко,
положительно,positively
чрезмерно,
своевременно,in time
подо,
жизненно,
наотрез,flatly
помаленьку,little by little
мешалкина,
проворно,
немыслимо,
чудовищно,
бишь,now
чертовски,devilishly
политически,
слепо,blindly
ненароком,inadvertently
неуютно,
чудесно,
напрямик,straight
советско,
застенчиво,
резонно,
искусно,skilfully
мощно,
нипочём,never
протяжно,in a drawling manner
грузно,heavily
идеально,
сим,
скептически,
изящно,
чередниченко,
устрой,
навечно,for ever
вергасов,
обреченно,
российско,
обстоятельно,thoroughly
нахально,
мерно,
дыбенко,
поодиночке,one at a time
наперебой,in eager rivalry
злорадно,
неудержимо,
галкина,
неодобрительно,
впору,just right
незамедлительно,without delay
чуток,
резво,
исторически,
простодушно,
хладнокровно,coolly
вскользь,casually
загодя,in good time
уклончиво,evasively
завьялов,
мужественно,with fortitude
карпенко,
качественно,
грамотно,correctly
раис,
ядовито,venomously
свирепо,
ниоткуда,from nowhere
бегло,fluently
мэри,
втрое,three times
издавна,long since
почитай,almost
впустую,for nothing
безмолвно,
ново,
некрасиво,
ильинична,
глухов,
рысью,at a trot
дугин,
нтв,
наизнанку,inside out
типично,Typically
законно,it is right
чудно,it is beautiful
доверчиво,
проклятье,curse
наголо,bare
молчаливо,Silently
неуклонно,steadily
бессознательно,unconsciously
трезво,soberly
мутно,
усс,
азартно,recklessly
неспроста,not without purpose
краюшкин,
смиренно,humbly
блаженно,
сыро,it is damp
живьём,alive
отдаленно,
булдаков,
доступно,
воедино,together
обрадованно,
самолично,oneself
туманно,hazily
русско,
беспечно,light-heartedly
соло,solo
порядочно,fair amount
вертикально,
сумрачно,
свежо,it is fresh
психически,mentally
беспрепятственно,without difficulty
длинно,
безвозвратно,irretrievably
критически,
богато,
беззаботно,light-heartedly
рао,
остроумно,
повсеместно,everywhere
утвердительно,affirmatively
невыгодно,it is not advantageous
незаконно,
ревниво,
экономически,
тетерин,
бедно,
ивашов,
натурально,naturally
исподволь,little by little
цепко,
уф,
всемирно,
неотрывно,
непостижимо,
журков,
васин,
косицын,
зорко,vigilantly
неминуемо,inevitably
чинно,
дыбом,
стыдливо,diffidently
наглядно,by visual demonstration
благодушно,
насовсем,for keeps
хозяйски,
сполна,completely
гениально,
умно,it is wise
всецело,completely
сипло,
поныне,up to the present
нечестно,
огарков,
джексон,
вкратце,
безмерно,infinitely
наравне,on a level
надвое,in two
благородно,nobly
паче,
подавно,so much the more
мокро,it is wet
поголовно,one and all
вслепую,in the dark
молниеносно,with lightning speed
наперерез,
духовно,
безоговорочно,unreservedly
наискосок,obliquely
невмоготу,unbearable
веско,with authority
полтораста,
оперативно,
безрезультатно,without result
душевно,
шахов,
немножечко,a wee bit
гурьянов,
высокомерно,
доверху,up to the top
боязливо,
наземь,to the ground
вчетвером,four
невинно,
забелин,
монотонно,
итого,in all
накрест,crosswise
ашмарин,
несложно,
истошно,
заживо,alive
опрометью,headlong
скупо,stingily
сп,
методично,
неимоверно,
восвояси,out of here
навек,for ever
вдвойне,double
сдуру,out of foolishness
всласть,
невпопад,not to the point
чутко,keenly
подло,vile
сгоряча,in a fit of temper
победно,
покойно,quietly
зверски,brutally
боязно,
попусту,in vain
накрепко,fast
надменно,
кисло,sourly
покамест,Meanwhile
величественно,
вчетверо,four times
нещадно,mercilessly
наискось,obliquely
немедля,
сообща,together
индивидуально,
франциско,
кузьмина,
поверху,on top
гринек,
преспокойно,very quietly
завенягин,
единогласно,unanimously
элементарно,
игриво,
мудро,Wisely
дерзко,
ирма,
бугреев,
дословно,literally
ввысь,high into the air
спросонья,half awake
наперевес,tilted forwards
неосторожно,
фальшиво,
недобро,
воочию,Firsthand
плашмя,flat
напролёт,all the way
беспрекословно,implicitly
эффектно,
психологически,
поровну,equally
толково,
предостаточно,
досадно,it is a nuisance
смачно,with relish
бесцельно,aimlessly
увд,
промеж,between
горелов,
непомерно,excessively
необязательно,
влажно,
еремкин,
завсегда,
ноу,
воздушно,
дос,pill-box
бездумно,
вручную,by hand
ощутимо,
давненько,for quite a while
испокон,
благосклонно,with favour
вперемежку,alternately
пугливо,
отродясь,
донельзя,to the utmost
эк,
пьяно,
преждевременно,prematurely
книзу,downwards
тарасюк,
буднично,
нате,
ама,
сродни,akin
греков,
применительно,conformably
баулина,
серегин,
вкупе,together
кирова,
неладно,
вволю,in plenty
навзничь,
умышленно,deliberately
айда,
физико,
заочно,without seeing
напоказ,for show
досрочно,before the appointed time
хищно,
внеземной,extraterrestrial
растроганно,
вровень,flush
финансово,
элегантно,
степенно,gravely
сям,
парадоксально,
исподтишка,stealthily
пропадом,
несчастие,
трагически,tragically
позарез,urgently
глумов,
отрешенно,
картинно,
мерзко,
амир,
раздельно,separately
навряд,scarcely likely
залогин,
примечательно,
потрясающе,
коржаков,
впервой,for the first time ever
галантно,
тихонечко,
неустанно,
напролом,
систематически,systematically
спьяну,in a state of drunkenness
недурно,rather well
рабоче,
ежемесячно,monthly
безобразно,
недорого,
понуро,
допоздна,till midnight
шестью,six times
круглосуточно,
аминь,
ганичев,
жилищно,
досыта,to satiety
вспять,
однофамилец,person bearing the same surname
натужно,
глядь,
экологически,
сокращённо,briefly
притворно,affectedly
доподлинно,for certain
интуитивно,intuitively
радушно,cordially
детально,in detail
врассыпную,in all directions
несерьезно,
эге,
безукоризненно,impeccably
полугод,
складно,well
неукоснительно,
чур,
страшновато,A bit scary
нечасто,not often
национально,
полукаров,
образно,figuratively
впрок,for future use
стремглав,headlong
храбро,bravely
сломя,
многовато,a bit too much
уместно,it is appropriate
пустынно,
наповал,outright
просторно,
вскорости,
преданно,
звучно,loudly
наслышан,familiar by hearsay
анищенко,
начеку,on the alert
преступно,
походя,as one goes along
позорно,
мищенко,
подножье,
добролюбов,
зелено,
наперекор,in defiance of
бескорыстно,
длительно,
предположительно,supposedly
прозрачно,
дотла,utterly
порывисто,
диксон,
интенсивно,
умеренно,
бесповоротно,
взаймы,loan
баскин,
капризно,
ошибочно,by mistake
страдальчески,
грубовато,
ахти,
несравненно,incomparably
ау,
томно,languidly
бац,
придти,
набекрень,aslant
свысока,in a haughty manner
шутя,in jest
настрого,strictly
ошалело,
мудрено,ingeniously
невдомёк,unaware
примитивно,
единодушно,unanimously
сладостно,
взаимно,mutually
церемонно,
распутина,
безопасно,it is safe
чу,
превыше,
безупречно,perfect
немудрено,no wonder
люб,
березкин,
грешно,it is a sin
мертвенно,
безучастно,apathetically
налегке,without luggage
пышно,
подлинно,really
громогласно,loud
нежданно,unexpectedly
отечески,
ммм,
токмо,
наименее,least
инкогнито,incognito
визгливо,shrilly
цыц,
технически,
огорченно,
фурункул,furuncle
попеременно,in turn
крадучись,stealthily
споро,
нимало,not in the least
трудновато,it is not easy
неровно,
ободряюще,
впопыхах,in a hurry
ака,
гнусно,
наутёк,
кроваво,
четырежды,four times
тактично,tactfully
вперемешку,pell-mell
молодо,
стихийно,spontaneously
цап,
понемножку,little
скрытно,
корректно,
свойски,
историко,
лестно,
наперегонки,competing in speed
терпимо,tolerantly
трусливо,apprehensively
вприпрыжку,skipping
письменно,in writing
стойко,
воровато,
потихонечку,
томительно,it is wearisome
цинично,
сносно,tolerably
нудно,
вкось,obliquely
неоткуда,from nowhere
незримо,
затемно,before dawn
нешто,
убито,
бездарно,without any show of talent
биологически,
понаслышке,by hearsay
трепетно,
наотмашь,with the back of your hand
задаром,
контрольно,
метко,neatly
изумительно,amazingly
ненамного,
прилежно,diligently
недвижно,
десятью,ten times
призывно,
заблаговременно,in advance
литературно,
вослед,
всесторонне,comprehensively
воинственно,
насилу,with difficulty
фи,
эка,
посмертно,posthumously
недопустимо,
китайски,
успокаивающе,
паф,
золотисто,
смолоду,
художественно,artistically
постольку,in so far as
бол,
железно,without fail
несмело,
ничегошеньки,nothing at all
любя,
предательски,
навеселе,one over the eight
отрадно,
административно,
горбачевы,
буде,
народно,
аппетитно,
жутковато,
сдавленно,
сяк,
неуместно,
солнечно,
равносильно,
тридевять,
безвозмездно,gratis
врозь,separately
безболезненно,
тягостно,
произвольно,at will
гоп,
роскошно,luxuriously
вовнутрь,
популярно,
ничтожно,insignificant
порознь,separately
легально,
местно,
ату,
англо,
голодно,hungry
нереально,
буйно,
включительно,inclusive
молчком,
взаправду,really
сызнова,anew
зычно,
потерянно,
отменно,
виртуозно,
надсадно,
идейно,
прелестно,lovely
отважно,
напропалую,recklessly
лаконично,
сочно,
плоско,
рьяно,with zeal
гринев,
всяко,
единожды,once only
пополудни,in the afternoon
женски,
кунцево,
подчистую,without remainder
векшин,
ужо,later
шукшина,
нечисто,
радикально,
насильственно,
жирно,fatly
вдумчиво,
рожденье,
шу,
гадко,naughty
ритмично,
величаво,
люто,
напористо,
вольготно,in freedom
бдительно,
ниц,
коваленко,
неплотно,not closely
абхазски,
панченко,
скоренько,
потенциально,
утомительно,tiresomely
поделом,
невысоко,
помногу,in plenty
зримо,
наружно,outwardly
неточно,
устно,orally
субъективно,
гулько,
нетвёрдо,not firmly
белоусенко,
биг,
вразнобой,discordantly
безбожно,
хвать,
безраздельно,undividedly
дотоле,until then
сказочно,dreamy
ленэнерго,
неслыханно,
постыдно,
спозаранку,very early
информационно,
утомленно,
политико,
хоп,
грациозно,gracefully
вброд,
натощак,on an empty stomach
занятно,
театрально,
вдосталь,
каменье,
бесстыдно,
вхолостую,
одинёшенек,quite alone
завидно,envy
едко,
учебно,
судебно,
второпях,hastily
документально,
пра,
скрупулезно,
бестактно,
невпроворот,a lot
праздно,idly
удрученно,
уголовно,
засветло,before nightfall
взаперти,locked up
красочно,
адекватно,
творчески,
заслуженно,deservedly
вскачь,at a gallop
снежно,
настороже,
развязно,
абы,provided that
синхронно,synchronously
осознанно,
филькин,
скользко,slippery
иронично,
ежечасно,hourly
двадцатью,
пропорционально,in proportion
солдатски,
германо,
неразумно,
тета,
сытно,well
польски,
невтерпёж,unbearable
толсто,
баста,stop
негаданно,
докрасна,
очертя,
узко,narrowly
людно,
деланно,
вширь,in breadth
наперво,
односложно,monosyllabically
денно,
талантливо,ably
истерично,
вовек,for ever
всенародно,publicly
похвально,
инженерно,
хозяйственно,
незаслуженно,undeservedly
суховато,
иже,
всмятку,
униженно,
замыкающий,
темновато,
кряду,
нощно,
идиотски,
задарма,
наизготовку,
навытяжку,
предо,
музыкально,
наклонясь,
доколе,until
пли,
дорожно,
надрывно,
визави,opposite
дымно,
каменно,
японски,
полбеды,half the trouble
зеркально,
нагишом,stark naked
коллективно,collectively
пристойно,
мелодично,
вполуха,
бэби,Baby
живописно,
осмысленно,
минимально,
серовато,
натянуто,
сиречь,
весомо,
впросак,
дюже,
премного,very much
классно,
желчно,
гречески,
генетически,
ляп,
дивно,marvellously
сообразно,
пыльно,it is dusty
гибко,flexibly
спросонок,being only half-awake
задушевно,
васькин,
десятеро,ten
немецко,
броском,with one throw
органично,
впятером,five
шикалов,
попарно,in pairs
квашнин,
кудимов,
объятье,
нескоро,
касательно,concerning
промышленно,
дыханье,
мимолетно,
вразвалочку,
каре,square
наново,anew
эврика,
стабильно,
негласно,
навыпуск,
пашкин,
вкривь,aslant
благоприятно,
впритык,very close
дробно,
средне,middling
брысь,scat
умильно,
добротно,
знамо,
пылко,
эстонски,
задорно,
ветрено,it is windy
близоруко,
суеверно,
намедни,the other day
нескладно,clumsily
вчистую,finally
интеллектуально,
разверзшись,
беспредельно,
щекотно,it tickles
либерально,
впроголодь,half-starving
дотошно,
видеозапись,videotape recording
санитарно,
хлопотливо,
шикарно,smartly
издревле,of yore
ходко,
донченко,
вразвалку,
нарасхват,
немо,
экспериментально,
дремотно,
пестро,
востро,
сыто,
интимно,
слаженно,
лечебно,
муторно,
урывками,in snatches
вполовину,half
ракетно,
коварно,
почетно,
поимённо,by name
ответно,
вразрез,counter to
медико,
отвесно,plumb
долгов,
математически,
лафа,
царственно,
шустро,
доходчиво,
ущелие,
обалдело,
комфортно,
планомерно,systematically
особливо,
эвон,
связно,
посерёдке,
старчески,
голо,
опрятно,
обыденно,
втихую,
романтично,
насухо,dry
анфас,full face
наобум,at random
сторицей,
пожизненно,
головчинер,
беня,
кэтрин,
крыто,
зачарованно,
благотворно,beneficially
тпру,
конфиденциально,in confidence
отсюдова,
плоховато,
неравномерно,
предпочтительно,rather
безуглов,
организованно,in an organized way
подкожно,
благожелательно,with kindness
наощупь,
паршиво,
сванидзе,
пугающе,scary
нестройно,dissonantly
прощально,
горбунов,
ориентировочно,approximately
обоего,
втуне,in vain
привольно,
феноменально,
восьмеро,eight
кишмя,
сызмальства,
понизу,low
скудно,
костин,
прошкин,
корниенко,
поздновато,too late
посереди,
фикс,
хлопотно,
единолично,
исконно,
пущино,
невкусно,
наудачу,on the off-chance
негосударственный,non-state
благостно,
волобуев,
ложно,
губерман,
электронно,electronically
припеваючи,like kings
клейменов,
давыдовна,
химически,
никандров,
разнообразно,
кузмич,
балахонцев,
хлестко,
подспудно,
аморально,
рохлина,
актуально,
ея,
заведеев,
бордо,claret
инвест,
спонтанно,
спилберг,
божески,
абатуров,
ответственно,
добычин,
кучно,
навыворот,inside out
алешкин,
метафорический,metaphorical
безвинно,guiltlessly
бессвязно,
вкруг,
оземь,to the ground
висла,
михайлюк,
верняк,
шпагин,
чаво,
рекордно,
украински,
всенепременно,
мяу,
любимова,
виль,
емельянова,
посейчас,
промтовары,manufactured goods
жалостно,
яко,
исправительно,
негативно,
то,then
всё,always
его,"genetive of ""he"""
её,"genetive of ""she"""
их,their
какой-то,some
что-то,something
больше,bigger
нужно,it is necessary
кто-то,somebody
рядом,near
из-за,because of
всё-таки,for all that
как-то,somehow
всего,in all
какой-нибудь,some
необходимо,it is necessary
известно,it is known
дома,at home
что-нибудь,anything
почему-то,for some reason
где-то,somewhere
лучше,better
когда-то,once
давай,let us
пожалуй,perhaps
во-первых,first
лично,personally
из-под,from under
кто-нибудь,somebody
по-прежнему,as before
скажем,
во-вторых,secondly
б,
куда-то,somewhere
какой-либо,
похоже,probably
чего,what
жаль,it is a pity
неизвестно,it is not known
стыдно,it is a shame
кое-что,something
когда-нибудь,some time
вернее,or rather
по-видимому,apparently
по-настоящему,in the right way
словом,in a nutshell
угодно,wanted
взаимоотношения,
вот-вот,just on the point
себе,
вообще-то,actually
по-русски,in Russian
наряду,alongside
эх,eh
чуть-чуть,extremely a little bit
совместно,in common
где-нибудь,somewhere
слабо,faintly
следом,immediately
по-другому,differently
такой-то,so-and-so
по-своему,
максимально,at most
что-либо,anything
торопливо,hurriedly
родные,relatives
по-разному,differently
как-нибудь,somehow
откуда-то,from somewhere
тем,the
разом,at the same time
дабы,in order
старательно,with application
э,
толком,plainly
пускай,
куда-нибудь,somewhere
сё,this
а-а,
ну-ка,now
эффективно,
тут-то,
бывало,would
в-третьих,thirdly
кое-как,muddle
временно,temporarily
кое-кто,somebody
так-то,so
коли,if
опять-таки,but again
да-да,
неправильно,wrong
неторопливо,
первое,first course
зачем-то,
шёпотом,in a whisper
желательно,it is advisable
даром,for nothing
безнадежно,
кое-где,here and there
по-английски,In English
машинально,mechanically
необыкновенно,unusually
давным-давно,very long ago
кто-либо,somebody
коль,
неуверенно,
э-э,
пресс-служба,Press office
бегом,at a run
нетерпеливо,impatiently
тот-то,
деловито,
военно-морской,naval
снисходительно,indulgently
по-человечески,
раздраженно,
ей-богу,
презрительно,
нет-нет,
только-только,
туда-сюда,hither and thither
отчего-то,
прямо-таки,
лихорадочно,
ан,on the contrary
по-новому,in a new fashion
чудом,miraculously
блестяще,brilliantly
то-то,how
брезгливо,
сколько-нибудь,any
всего-то,
генерал-майор,major-general
тогда-то,
беспомощно,
вольно,freely
косвенно,
купля-продажа,
малое,
недоуменно,
неудивительно,not surprisingly
по-французски,
как-никак,after all
безжалостно,merciless
когда-либо,ever
невыносимо,unbearably
почтительно,
сосредоточенно,with concentration
ну-ну,well-well
по-немецки,
принято,it is accepted
многозначительно,significantly
просто-напросто,simply
слышь,say
удовлетворённо,with satisfaction
целесообразно,
безошибочно,
инстинктивно,
неслышно,
невозмутимо,
по-детски,
щас,right now
верхом,astride
неопределенно,
нибудь,
материально-технический,
первоочередной,first and foremost
по-хорошему,
укоризненно,
выразительно,
еле-еле,hardly
более-менее,more or less
кое,
общественно-политический,social and political
угрожающе,threateningly
криво,crookedly
неведомо,
ха-ха,
шо,
всего-навсего,
возмущенно,
мечтательно,
по-иному,differently
дак,
нерешительно,irresolute
уважительно,
аналогично,
иронически,
кардинально,
непроизвольно,
благодарно,
порой,at times
эмоционально,
возбужденно,
доверительно,
положено,
прямиком,straight
пуще,
непривычно,
раньше,before
свято,piously
чего-то,something
бойко,smartly
восхищенно,
сокрушенно,
браво,bravo
вдохновенно,inspiredly
да-а,
дружелюбно,
подсознательно,
несправедливо,
сколько-то,
битком,
мало-помалу,little by little
мигом,in a flash
член-корреспондент,corresponding member
безропотно,without a murmur
бен,
бесцеремонно,without ceremony
катастрофически,
неумолимо,
по-нашему,as we think
трогательно,it is touching
здравствуйте,hello
опасливо,
увлечённо,with enthusiasm
хо,
буль-буль,
допустим,let us assume
м,
непринуждённо,without embarrassment
потому-то,
счас,
не-ет,
неизмеримо,immeasurably
ок,
разочарованно,with disappointment
агропромышленный,agroindustrial
мало-мальски,in the slightest degree
неистово,furiously
неразрывно,
по-моему,in my opinon
по-вашему,in your opinion
столько-то,
целенаправленно,
вэ,
довольно-таки,quite
здрасте,Short form of здравствуйте
зловеще,
незначительно,
там-то,
в-четвёртых,fourthly
далеко-далеко,
законодательно,
имхо,
о-о,
совестно,
торжествующе,
динамично,
какой-никакой,
навалом,in bulk
положим,let us assume
порядком,pretty
по-старому,as before
самозабвенно,
беспрестанно,continually
вкрадчиво,insinuatingly
давай-ка,
недвусмысленно,
предусмотрительно,
пренебрежительно,
проникновенно,
суетливо,
безмятежно,serenely
безнаказанно,with impunity
бесстрашно,
доброжелательно,
легкомысленно,lightly
оглушительно,
по-хозяйски,thriftily
умоляюще,
философски,philosophically
чей-нибудь,
агрессивно,
взад-вперед,
гармонично,
досадливо,
катин,
кокетливо,
красноречиво,
неправдоподобно,
очень-очень,
прям,
свойственно,
требовательно,
великодушно,it shows generosity
долго-долго,
м-да,
неотступно,
неуловимо,
быстро-быстро,
волей-неволей,willy-nilly
госслужащий,public servant
идеологически,
истово,
миролюбиво,
неотвратимо,
неприязненно,
особняком,by oneself
по-домашнему,simply
празднично,festively
причудливо,
што,
язвительно,
беспорядочно,in confusion
бесстрастно,
все-все,
ла,
много-много,at most
озадаченно,
по-доброму,
придирчиво,
примирительно,
услужливо,helpfully
ну-с,
дез,
аккурат,exactly
самовольно,
ходуном,
авансом,in advance
авиабомба,aircraft bomb
авиапочтой,air mail
авторалли,motor rally
адски,infernally
амба,kaput
анданте,andante
апостериори,a posteriori
априори,a priori
архилгун,archliar
баба-яга,Baba-Yaga
бай-бай,bye-bye
бакенбарды,whiskers
баттерфляй,butterfly stroke
баю-бай,lullaby
безалаберно,in a disorderly manner
безбедно,comfortably
безвременно,prematurely
безвыездно,without quitting
безвыходно,without going out
безгранично,infinitele
беззаветно,selflessly
безобидно,inoffensively
безответственно,irresponsibly
безотказно,smoothly
безотлагательно,urgently
безотлучно,absenting oneself for an instant
безотносительно,irrelative
безрассудно,rashly
безудержно,without restraint
бенефис,benefit performance
беременная,pregnant
бесконтрольно,uncontrolledly
бесперебойно,without interruption
бесплодно,in vain
бесподобно,it is excellent
беспорядки,disturbance
беспошлинно,free of duty
беспременно,without fail
беспристрастно,impartially
беспричинно,without cause
беспробудно,without waking
бессменно,at a stretch
бессовестно,it shows lack of scruple
благовоспитанно,politely courteously
ближе,nearer
богаче,richer
боком,sideways
бочком,sideways
брутто,gross
бултых,plop
буржуазно-демократический,bourgeois-democratic
театр-буфф,comedy
бухарка,Bokharan
быстродействующий,fast-acting
вагоновожатый,tram-driver
ввек,never
ввечеру,in the evening
ввосьмеро,eight times
ввосьмером,eight
вгорячах,in the heat of the moment
вдевятеро,nine times
вдевятером,nine
вдесятеро,ten times
вдесятером,ten
весной,in spring
весною,in spring
вечерело,night was falling
вечерком,in the evening
вечером,in the evening
вечор,last night
видеотелефон,videotelephone
видеотелефонный,videotelephone
видимо-невидимо,multitudes
визуально,by sight
виндсерфинг,wind-surfing
винтом,spirally
вихрем,like the wind
вкруговую,round
влюблённо,lovingly
внове,new
вовеки,for ever
водонепроницаемый,watertight
возмутительно,it is a scandal
волхвы,the Magi
воровски,thievishly
ворчливо,peevishly
восемью,eight times
восьмичасовой,of eight hours
вотще,in vain
вполнакала,dimly
впопад,apropos
впритирку,very tightly
впросонках,still half asleep
впятеро,five times
в-пятых,fifthly
враждебно,hostilely
вразбивку,at random
вразброд,separately
вразброс,separately
врастяжку,at full length
временами,at times
врукопашную,hand to hand
всемерно,to the utmost
всемеро,seven times
всемером,seven
всплошную,in a solid mass
встарь,in olden times
всуе,in vain
всухую,without scoring a point
втёмную,blindly
втридорога,triple the price
втройне,three times as much
вчерне,in the rough
ВЧК,All-Russian Special Commission for Combating Counter-revolution and Sabotage
вчуже,as an outsider
вшестеро,six times
вшестером,six
въявь,in reality
выдуманный,made-up
выпукло,in relief
высокопарно,grandiloquently
вычурно,pretentiously
галопом,at a gallop
гантели,dumb-bells
где-либо,somewhere
герметически,hermetically
гермоперчатки,pressurized gloves
завод-гигант,giant factory
гидрографический,hydrographic
гипосульфит,hyposulphite
гипотермия,hypothermia
гласно,publicly
глиссандо,glissando
глубокомысленно,thoughtfully
гнусаво,nasally
годами,for years
голословно,without adducing any proof
голышом,stark naked
горделиво,haughtily
горячее,first course
господа,gentlemen
градом,thick and fast
грядёт,is coming
гуманно,humanely
гуртом,wholesale
гурьбой,in a crowd
дальше,farther
двойняшки,twins
двояко,in two ways
девятью,nine times
дельно,efficiently
день-деньской,the livelong day
десятисложный,decasyllabic
де-факто,de facto
де-юре,de jure
диаметрально,diametrically
диафильм,film strip
дисквалификация,disqualification
дифтерит,diphtheria
днём,in the day-time
докуда,how far
долее,longer
дополна,brimful
досиня,until blue
досконально,thoroughly
досуха,dry
досюда,up to here
дотемна,until it gets dark
дотуда,up to there
дочерна,till is black
дочиста,till is spotless
душевная,shower-baths
единовременно,once only
ежеминутно,every minute
еженощно,nightly
ежесуточно,every day
по-женски,in a feminine way
забрезжило,it is just beginning to get light
завистливо,with envy
заглазно,in absence
задёшево,very cheaply
задом,backward
задыхаясь,breathlessly
заездом,passing through
заимообразно,on credit
закономерно,it is in order
залпом,in one gulp
запальчиво,passionately
заподлицо,flush
зараз,at once
засахаренный,candied
засим,hereafter
звуконепроницаемый,sound-proof
здраво,reasonably
земляне,inhabitants of the Earth
зимой,in winter
идиосинкратический,idiosyncratic
инженер-электрик,electrical engineer
инженер-строитель,inşaat mühəndisi
интенсификация,intensification
искони,from time immemorial
исподнизу,from underneath
исполу,half and half
исстари,from olden times
как-либо,somehow
каково,how
каракуль,astrakhan fur
келейно,privately
кое-когда,now and then
кое-куда,somewhere
коллегиально,collectively
кондитерская,sweet-shop
контрабандой,instrumental case singular of: контрабанда
кончая,ending with ...
краше,more beautiful
крепко-накрепко,very tightly
крест-накрест,criss-cross
кувырком,topsyturvy
куда-либо,somewhere
Кузбасс,the Kuzbas
кукареку,cock-a-doodle-doo
кулисы,wings
курсы,courses
кустование,interconnection
ладушки,pat-a-cake
летом,in summer
лётчик-космонавт,space pilot
литография,lithograph
лук-порей,leek
любо,it is pleasant
любо-дорого,it is a real pleasure
маковые,papaverous plants
малоразвитой,underdeveloped
маслоуловитель,oil catcher
машинизированный,provided with machines
меблированный,furnished
медлительно,sluggishly
местами,here and there
метёт,there is a snow-storm
микрография,micrography
микрокалькулятор,microcalculator
микрофарада,microfarad
лётчик-миллионер,pilot who has flown over a million kilometres
мимоездом,in passing
миндалины,tonsil
многообъективный,multilens
многоцилиндровый,multicylinder
множимое,multiplicand
моментами,now and then
мораториум,moratorium
морозно,it freezes
мотогонки,motor-cycle races
моторалли,motor-cycle rally
мультиплан,multiplane
набело,clean
навыкат,bulging
на-гора,to the surface
назади,behind
назидательно,didactically
наипаче,still more
пруды-накопители,catching basins
наперекосяк,aslant
наперечёт,all without exception
напрочно,firmly
натрое,in three
натуго,tightly
наудалую,recklessly
нахрапом,all of a rush
нацело,entirely
начерно,roughly
нашармака,without paying
нашармачка,without paying
неблагополучно,not happily
небогато,in a small way
небронированный,unarmoured
невидимкою,invisibly
неволей,forcibly
негладко,unevenly
недёшево,at a considerable price
недоброжелательно,with ill-will
недостойно,it is unworthy
нежирно,nothing to write home about
незаклеенный,unsealed
неизученный,unstudied
нелегально,illegally
нелишне,it is not out of place
немалочисленный,rather numerous
немилосердно,unmercifully
немилостиво,ungraciously
ненадобно,not wanted
ненамеренно,unintentionally
необдуманно,rashly
необусловленный,unstipulated
неодолимо,invincibly
неоколониалистский,neo-colonialist
неопрокидывающийся,non-capsizable
неорганизованно,individually
неосведомлённый,uninformed
неослабно,unremittingly
неотлучно,continually
неподобающе,in an unseemly manner
неполадки,defects
непоследовательный,inconsistent
непочтительно,disrespectfully
непредубеждённый,unprejudiced
непредусмотрительный,improvident
непрестанно,incessantly
непростительно,it is unforgivable
непутём,badly
неравно,what if
несвязно,incoherently
несказанно,unspeakably
нетоварищеский,unfriendly
нетто,net
неуважительно,disrespectfully
неудовлетворительно,unsatisfactorily
неукрощённый,untamed
неурегулированный,outstanding
неусовершенствованный,unimproved
нефтеносный,oil-bearing
нецелесообразно,to no purpose
нешоссированный,unmetalled
низом,along the bottom
новобрачные,the newly-weds
школа-новостройка,newly-built school
номинально,nominally
ноты,music
обдуманно,deliberately
обмороженный,frost-bitten
обок,close by
обособленно,apart
обоюдно,mutually
обтрёпанный,frayed
общеизвестно,it is generally known
общеупотребительный,current
общо,generally
овдовевший,widowed
овдовелый,widowed
огулом,in a crowd
одёр,old hack
одесную,to the right
одиножды,one times
слово-однодневка,nonce-word
озимые,winter crops
океанография,oceanography
оковы,fetters
околопестичный,perigynous
омерзительно,sickeningly
оптом,wholesale
оргтехника,technical means and equipment for accounting
орудия,ordnance
осенью,in autumn
осквернительница,defiler
отварной,boiled
отвлекающий,counter-attracting
отколе,whence
откуда-либо,from somewhere or other
откуда-нибудь,from somewhere or other
отроду,never
отселе,hence
отступя,off
оттоле,thence
офтальмолог,ophthalmologist
оцинкованный,zinc-coated
очистки,peelings
ошуюю,to the left
ощупью,groping
пагубно,ruinously
пантомим,pantomime
парапсихология,parapsychology
парит,it is sultry
паронепроницаемый,steam-tight
пасмурно,it is cloudy
пацифизм,pacifism
пелёнки,nappies
пельмени,pelmeni
пентаметрический,pentametric
перво-наперво,first of all
переборот,overcome
перевёртывать,turn over
перевыборы,election
перегной,humus
перекаты,shallows
переливы,tints
переплётная,bindery
перпендикулярно,perpendicularly
перфокарта,punched card
пианиссимо,pianissimo
пиано,piano
пиччикато,pizzicato
планёр-паритель,soaring glider
планета-спутник,satellite
платёжеспособный,solvent
плиссе,accordion pleats
плясовой,dance
побольше,a little older
по-братски,fraternally
повально,without exception
поварёшка,ladle
поверхностно,superficially
по-весеннему,as in spring
повседневно,daily
повыше,a little higher
подальше,somewhat
подделывательница,falsifier
по-дедовски,as of old
подекадно,every ten days
подённо,by the day
подобру-поздорову,in good time
подробнее,at greater length
по-дружески,in a friendly way
подтяжки,braces
по-дурацки,foolishly
по-зверски,brutally
позволь,allow me
позже,later
по-зимнему,as in winter
поимённый,nominal
поквартально,by the quarter
полкило,half a kilogram
полагается,one is supposed
полегоньку,by easy stages
полегче,lighter
по-летнему,as in summer
ползком,crawling
поливитамины,polyvitamins
полиграфия,polygraphy
полимеры,polymers
пол-литра,half litre
полным-полно,full
полукопытный,subungulate
полупальто,short coat
получше,a little better
полушерстяной,half-woollen
полушутя,half in jest
полюбовно,amicably
по-людски,as others do
по-мальчишески,in a boyish way
поменьше,a little less
помесячно,by the month
помнится,I remember
по-над,along
понарошку,for fun
понедельно,by the week
пониже,lower
по-осеннему,as in autumn
попозже,later
пополуночи,after midnight
по-приятельски,as a friend
попудно,by the pood
пораньше,a bit earlier
порожняком,empty
поротно,by companies
по-рыцарски,in a chivalrous manner
по-свойски,in a familiar way
поскорее,somewhat quicker
посменно,in turn
по-соседски,in a neighbourly way
посотенно,by the hundred
посредственно,so-so
постановили,resolved
посуточно,by the day
посуху,on dry land
по-твоему,in
потруднее,more difficult
потупившись,with downcast eyes
поурочно,by the piece
похолодало,it has got colder
почему-либо,for some reason of other
почему-нибудь,for some reason of other
поштучно,by the piece
превратно,wrongly
прекрасное,the beautiful
прерывисто,in a broken way
престолонаследница,successor to the throne
преумножение,augmenting
привязанный,attached
призма-отражатель,reflecting prism
приметы,distinctive marks
примирительница,reconciler
примиряюще,in a conciliatory way
принуждённый,constrained
принципиальничать,be over-scrupulous
пристрастно,with partiality
присутствующие,those present
продуктивно,productively
проездом,in transit
простёгивать,to quilt
противоипритный,anti-mustard-gas
противокислотный,acid-proof
противолихорадочный,antifebrile
противоснарядный,shell-proof
протоактиний,protoactinium
профанация,profanation
профтехучилище,vocational training school
проще,simplest
прямёхонько,straight
психоневропатологический,psychoneuropathologic
психоневропатология,psychoneuropathology
пунктуально,punctually
пятинедельный,of five weeks
равноотстоящий,equidistant
рад-радёшенек,pleased as Punch
радужно,cheerfully
разведённый,divorced
раздражительно,with irritation
размашисто,boldly
разобщённо,apart
разок-другой,once or twice
ракета-носитель,carrier rocket
рамки,limits
раскованно,relaxedly
раскрепощённый,emancipated
распарывание,ripping
рассвело,it is already light
расчётливо,prudently
рационально,rationally
ре-диез,D sharp
рекогносцировочный,reconnoitring
рекогносцировщик,reconnoitrer
рельефно,in relief
реснички,cilia
республиканство,republicanism
ретиво,zealously
родом,by origin
розно,apart
розовато-белый,pinky-white
сам-друг,with one other
скатерть-самобранка,magic table-cloth
самодовольно,complacently
самолёт-торпедоносец,torpedo aircraft
самонадеянно,conceitedly
самоотверженно,selflessly
самотёком,by gravity
самотормозящийся,self-braking
самоуверенно,with self-confidence
сам-пят,with four others
сам-сём,with six others
сам-третей,with two others
сам-четвёрт,with three others
сам-шёст,with five others
саркастически,sarcastic
сверхурочно,overtime
глагол-связка,link-verb
сдельно,by the job
севернее,to the north
семью,seven times
силой,by force
силком,by force
сиротливо,lonely
скачками,by leaps
склады,syllables
скопом,in a crowd
скорее,rather
скорей,rather
скученно,densely
слабовато,rather badly
слащаво,all sugar and honey
слёзно,tearfully
слесарь-инструментальщик,look-maker
слитно,together
случаем,by any chance
совокупно,jointly
согласованно,in concord
солидарно,jointly
сомнительно,it is doubtful
сослепа,due to poor sight
сослепу,due to poor sight
сохранно,safely
спортсмен-спелеолог,pot-holer
сплеча,straight from shoulder
спроста,artlessly
спутанно,confusingly
спьяна,in a state of drunkenness
сряду,running
стаккато,staccato
стенографический,stenographic
стенография,stenography
стереофонический,stereophonic
стоймя,upright
стократ,a hundred times
строго-настрого,very strictly
студент-медик,medical student
сызмала,from ever since
сырьём,raw
так-таки,really
там-сям,here and there
телеграмма-молния,express telegram
телекс,telex
телефильм,telefilm
телефотоаппарат,long-range camera
темнеет,it is getting dark
темным-темно,pitch-dark
угро-финский,Ugro-Finnic
удовлетворительно,satisfactorily
уединённо,solitarily
узникузница,prisoner
уменьшаемое,minuend
умеючи,skilfully
умнее,wiser
уморительно,it is extremely funny
уранопластика,uranoplastics
урождённая,nee
успеется,there is still time
устои,foundations
утром,in the morning
ухабы,pits and bumps
аба-ван,
аббревиатор,
аберрометр,
кайса,
адаптирование,
по-азербайджански,
по-азиатски,
ой-ой,
айсбергообразующий,
академично,
аксиоматизация,
алчно,
анархично,
анонимно,
апатично,
рукоплескания,
аргументик,
аргументированно,
аристократично,
ароматно,
архивно,
архиепископат,
ассоциативно,
атлетский,
пашто,
по-баварски,
октада,
бдить,
перебегнуть,
пробегание,
побей,
бережливо,
бешенный,mad
поканчивать,
кончено,
неограниченно,
обеспокоенно,
беспокой,
беспокоица,
битность,
побитовый,
побитно,
оббивка,
болого,
блатота,
блатовать,
блистательно,
близить,
изблизи,
поближе,
блюзмен,
по-божески,
богомольческий,
по-боевому,
петух-боец,
по-болгарски,
бор-машина,
брачующийся,
ругательства,
братанна,
братолюб,
братолюбец,
броско,
брянка,
брянчанин,
выбунтовать,
добунтовать,
набунтовать,
сбунтить,
бух,
валом,
валение,
вениковый,
вещина,
видить,
Византия,
виконтский,
Вильна,
повинить,
обвивка,
владения,
внешностный,
невнимательно,
военачальница,
по-военному,
увозти,
волчистый,
волковать,
волчисто,
по-волчьи,
провоняться,
воор,
ворофилия,
вульгарно,
выборочно,
избирательно,
выдержаный,
обыграться,
переиграться,
переигрываться,
выигрышно,
проигрышно,
высить,
тёрочка,
вычислительница,
численно,
по-вьетнамски,
дубль-вэ,
вязко,
нежданно-негадано,
галерник,
брюки-галифе,
пушка-гаубица,
по-германски,
героинчик,
диаморфин,
герыч,
гердос,
герандос,
гладило,
глобально,
вприглядку,
глядя,
говнишко,
говнистость,
говёный,
говнять,
говёно,
какашки,
голубоглазка,
горче,
грабительски,
биграф,
нуль-граф,
псевдограф,
суграф,
недогревать,
недогреть,
по-гречески,speak in Greek
грозушка,
гуртьба,
давитель,
раздавиться,
раздавливаться,
дальноказ,
датировочный,
датировщик,
в-двадцатых,
дебело,
девственно,
дежурны,
декановый,
деканол,
дереворубка,
древоеды,
древотёрка,
древпластики,
дерзновенно,
дерьмоед,
десяточка,
в-десятых,
деятельно,
действенно,
диаспорический,
диаспорный,
дипломатский,
дипломатично,
дипломатически,
доблестно,
доказательно,
бездоказательно,
домкратик,
домкратчик,
допустимо,
доцентка,
драматизирвать,
дружественно,
вдув,
духовочка,
бездушно,
по-европейски,
Египт,
по-египетски,
недоезжать,
недоехать,
ёлки-палки,
ёлочкой,
ёрзание,
жалостливо,
избжарить,
сожгут,
желтушечный,
жидко,
жиденько,
жидковато,
пожонглировать,
зажираться,
забавничанье,
забавище,
забавчивый,
забавистый,
забавление,
завдигать,
займ,
занимательй,
занозиться,to make trouble with smb
занимательно,
запоем,
запорожка,
заслуженый,
зашитник,
завторять,
трезвон,peal
выздороавливать,
здравствование,
здравствуй,
зевный,
по-земному,
озернить,
озернять,
знакомо,familiar
знаменито,
знатно,
познавательно,Educational
значимо,
зобогенный,
зоопарковый,
зазря,
ЗеКа,
ЗК,
идентично,
тайч,
идиш-тайч,
одонтоглифика,
иероглиф-пиктограмма,
псевдоиероглифический,
позднеиероглифический,
иеромонахиня,
иерусалимка,
избыточно,
извините,sorry!
изменнически,
аэрофотоизображение,
микроизображение,
полиизображение,
фотоизображение,
Израил,
Исраэль,
индустриально,
инертно,
безинициативный,
институировать,
инструментально,
интерактив,
интерактивность,
интерактивщик,
интерактивно,
интервальчик,
школа-интернат,boarding school
интим,
инфляционность,
инфраструктурный,
по-ирландски,
уникально,
по-испански,
исправленнный,
пытливо,
исчезающе,
итальянизировать,
по-итальянски,
иудаика,
иудаистски,
по-казахски,
кактусный,
календарность,
календарно,
калибрирование,
калиброподобный,
камчатец,
кап-кап,
капитально,
карачиться,
карусельщица,
катализация,
раскаить,
окатка,
укат,
укатайка,
некачественно,
квантованный,
кенгуриный,
кинематографистка,
кинжальчик,
кинжалища,
кыргыз,
кыргызка,
кыргызский,
по-киргизски,
кирпичище,
кирпичность,
кис-кис,
китиха,
по-китайски,
классификационный,
клевание,
клопишка,
клопища,
клоповница,
клоповар,
клоповий,
клоповидный,
клятвенно,
книгодержатель,
книженция,
коалиционность,
коалиционно,
ковроткачиха,
ковровидный,
коврообразный,
ковроподобный,
ковром,
кожезаменитель,
кокетничание,
колебательность,
колебательно,
количественно,
количественность,
коллегиум,
коллективчик,
коллекционерка,
колоколообразность,
колоколоподобный,
колониальность,
колониалистский,
колониально,
кололка,
Вашингтон,
командирство,
командирствовать,
комбайнирование,
комбайностроитель,
комбайнерский,
комбайноремонтный,
комбатский,
комбинаторность,
комбинаторша,
комбинированность,
комбижировый,
комбинатовский,
комбисилосный,
комбинационно,
комбинированно,
комиссация,
комиссование,
комитентский,
коммунальница,
коммунальщица,
коммунарский,
коммуникативность,
коммуникационность,
коммуницирование,
компетентно,
комплексификация,
комплекснозначность,
комплексометрия,
комплексонометрия,
комплексообразование,
комплексообразователь,
комплекснозначный,
комплексометрический,
комплексонометрический,
комплексно,
комплектирование,
комплектировать,
комплектироваться,
комплектно,
Комсомольск,
конспективно,
поконфиденциальничать,
концерновый,
конюшонок,
конюшничать,
пригривник,
накапываться,
кормность,
корпусировать,
корреспондентишка,
корреспондеция,
исикоса,
космополитка,
кощунья,
кощунственность,
кощунский,
кощунственно,
красочка,
красногвардейка,
крейсерование,
крепкость,
кривенько,
кривовато,
кричаший,
крикливо,
кристаллин,
кристально,
раскорвянить,
крошечность,
кружавчик,
кружевник,
клёво,
крымчанин,
раскрываемость,
крючочный,
кря-кря,
кубриковый,
кубричный,
кульурный,
культуристский,
курчёнок,
курочник,
курятня,
курокрад,
курохват,
куроядец,
куролапый,
по-куриному,
по-курьи,
курваль,
курвёнок,
курвин,
курвиный,
курвиться,
курвяжиться,
курвяжища,
курвяжница,
курвяжный,
вкушание,
кусковый,
кусочный,
укушавшийся,
кусочничать,
безвкусно,
вприкуску,
ладаница,
ласочий,
заледенело,
лекарственно,
лекционность,
Санкт-Петербург,
леточисление,
лживенький,
лживо,
ливийский,
лидерша,
липчанин,
лирочка,
лисолов,
лисячий,
лисовать,
по-лисьи,
по-лисичьи,
лисочка,
листка,
литературоведка,
по-литовски,
долив,
лиходействовать,
мина-ловушка,
взломаться,
заломаться,
ломаная,
лук-батун,
лук-татарка,
лук-чеснок,
залунный,
стереолупа,
диалупа,
лучемёт,
лучеобразно,
лучезарно,
лычка,
лысеющий,
люстровый,
лягуша,
квак,
ква-ква,
мажоранта,
мажорирующий,
мажорировать,
мажорно,
промазываться,
малить,
перень,
перенёк,
мамочки,
Маньчжу,
Маньчжоули,
марафонец,
манганат,
марионеточка,
маркизат,
марш-манёвр,
безмассовый,
массивно,
массово,
масштабно,
материалический,
матершина,
матричка,
махачкалинец,
мегафонный,
по-медвежьи,
мелодизм,
лягавый,
немереваться,
мертвецки,
ПМЖ,
месячные,
метафорика,
механично,
механистически,
рыба-меч,
мешка,
мешковидный,
мешковой,
Мещанинов,
мещановатый,
мещански,
намещаниться,
по-мещански,
милосердство,
милосердно,
помилосерднее,
милосерднее,
минчанка,
минчане,
мировоззренчески,
сколькие,
несколькие,several
столькие,
можжевельный,
мозолька,
по-молдавски,
моложаво,
намалываться,
намолоться,
мололка,
белокаменная,
златоглавая,
по-московски,
мультфильмовский,
Мурман,
мухоловный,
мясисто,
наборчик,
водяниковые,
Надя,
назначиться,
наихороший,
наличка,
напряг,
напряжный,
напряжно,
находчивать,
светло-голубой,
несмыслящий,
недумающий,
верящий,
афро-американец,
пентакварк,
тау-лептон,
отталкивающе,
притерпеть,
притерпевать,
дотерпеться,
оттерпеться,
нижина,
низенько,
низменно,
нищить,
нищенски,
новороссиец,
новороссийка,
новороссийский,
новосибирец,
новосибирка,
новьё,
новоприбретённый,
ножевидный,
обаятельно,
обманность,
обманно,
обманчиво,
оборотик,
оборотка,
вервольф,
обширно,
поясняться,
ясненько,mmmokay
вынужден,
архангелогородец,
одесситский,
город-мама,
оказанный,
оккупантка,
флексия,inflexion
омич,
неопасливый,
заопасаться,
неопасно,
опоясывание,
оптимистичность,
организаторски,
оренбуржец,
оригинально,
осёдлывание,
безосколочность,
осколочность,
безосколочный,
безоскольчатый,
начала,
осмотрительно,
берегись,watch out
остроглазный,
отдельчик,
оличить,
окей,okay
пропечетать,
безотрывно,
наперерыв,
срыву,
урывочками,
взрывоопасно,
ФИО,last name first name patronymic
бункер-поезд,
дизель-поезд,
поездочный,
переездить,
охотнее,
осчитка,
падений,
пакленный,
по-палестински,
памятность,
памятно,
запомнившийся,
пара-тройка,
парадик,
паразитый,
парализатор,
парализованый,
параллелизация,
параллелизовать,
параноид,
параноидизм,
параноидальный,
рубаха-парень,
партячейка,
прихожане,
верующие,
паузовый,
паханский,
певуче,
певчески,
напевно,
испекать,
Бэйцзин,
пельменница,
пельменный,
пельменщик,
пельменщица,
пекарь-пельменщик,
пенки,
пенёчный,
пнёвый,
пепельник,
пергаментик,
пергаментирование,
проворот,
перевёртывание,
задачный,
дано,given
перестановочный,
периодично,
пермчанин,
санктпетербуржец,
петербурженка,
пропевать,
распевание,
печатно,
припёка,
пигмейка,
пикинёр,
пикетированный,
пикетироваться,
пикетный,
вины,
вини,
пилево,
пионербол,
первопроходческий,
буканьер,
пирожочек,
пискучий,
пискливо,
пискляво,
пищание,
подпитывать,
запитывание,
пиявочка,
платинопромышленность,
плащёвка,
доплёвывать,
переплёвывать,
пленарка,
пленарность,
плесневелость,
плесневение,
плясаться,
шеф-повар,chef
высоковато,
возвышенно,
завышенно,
беспогонный,
подготовленный,
подготовочный,
готово,
приготовления,
кованость,
гиппосандалия,
подкупленный,
подлая,
подобность,
подобострастно,
падонак,
подражательно,
зарядник,
рядком,
нарядно,
вагон-холодильник,refrigerator van
вагон-платформа,
вагон-ресторан,
позднее,later
воззирать,
взорить,
взорно,
зрительно,
умозрительно,
пользительно,
расплолзаться,
расплолзтись,
уложенность,
полосчатый,
природопользователь,
водопользовательский,
недропользовательский,
природопользовательский,
недоиспользоваться,
пшечка,
ляшка,
успомнить,
помощничек,
вспоможествовать,
помпаж,
понятийность,
понятийно,
поповство,
поповец,
беглопоповец,
попугаиха,
попугайчиха,
попугаица,
попугайка,
попугаишка,
попугаичий,
попугайский,
попугайный,
попугаевый,
попугайничество,
попугайствовать,
порноактёр,
порноактриса,
порнографичный,
порнозвезда,
порнофильм,
порты,
портретность,
портретно,
подсадной,
советник-посланник,
непротиворечивость,
следящий,
последовавший,
послушнический,
послушничать,
стройно,
требователь,
Джек-Потрошитель,
по-походному,
низкопробно,
практично,
постановщикзаставка,
устоявший,
представительно,
предубедиться,
предубеждаться,
предусмотрение,
предшествовенник,
опреснок,
прецедентик,
прецедентность,
прибыльно,
привередничание,
привередливо,
козлогласие,
козлогласный,
четырёхголосный,four-part
козлогласно,
полугласно,
приданное,
прикольчик,
непреложно,
приманивание,
применительный,
приобретеньице,
припевание,
едино,
пристрой,
пробочница,
проблемно,
проблематично,
программность,
программно,
прогрессор,
прогрессивно,
прогрссирующий,
кормораздаточный,
прокуроришко,
прокурорище,
прокурорша,
проливка,
промазывание,
промежностный,
помеж,
помежду,
промышленница,
проницательно,
пропеллерчик,
позарывать,
позарываться,
простецки,
упрощённо,
простительно,
протестующе,
супротив,
противоположно,
противоречиво,
непротиворечиво,
профанский,
профессорша,
профессорствовать,
проявляющийся,
напрыгнуть,
пряжечка,
псковитянка,
птах,
пузико,
пукнуть,fart
пукало,
пунктовый,
пунктрирный,
пунец,
запускаться,start up
запущеный,
пуховой,
вспухание,
опухание,
припухание,
пушистик,
фуррь,
напыление,
напылять,
пыточка,
запытать,
пьянь,
пядка,
пяденька,
прорабатывание,
разрабатывание,
рабски,
квазиравновесие,
квазиравновесный,
неравновесный,
доуравновесить,
доуравновеситься,
доуравновешивать,
доуравновешиваться,
недоуравновесить,
недоуравновеситься,
недоуравновешивать,
недоуравновешиваться,
поуравновешивать,
поуравновешиваться,
квазиравновесно,
неравновесно,
равновесно,
эгалитарность,
РЛС,
радирование,
радистский,
полудиаметр,
ведом,
ведаться,
контрразведчица,
разводимость,
развитсья,
развязанный,
разговорец,
разговорность,
разговорённый,
сплетни,
раздваивание,
разминочный,
разнообрзаный,
разработанный,
разрезывать,
разрушительница,
разрушительно,
разламывание,
разваливание,
разрывание,
расок,
раковинка,
границы,
пределы,
расология,
европеоиды,
монголоиды,
распятый,
рассказаться,
рассмотр,
расстроенность,
расстраивание,
дисбаланс,
разлаживание,
рассчёт,
заросли,
растяжной,
расчёсочка,
расчёс,
расчёсанный,
обсчитывание,
расширительно,
расщелинка,
расщеливание,
расщелить,
расщелять,
расщелиться,
расщеляться,
реакционноспособный,
реакционно,
псевдореализм,
реалистично,
реалистически,
матч-реванш,
ревностно,
регламентатор,
регламентирование,
регламентированность,
регламентированный,
регламентироваться,
редисочка,
редисовый,
режимность,
режимщик,
режимить,
резидентка,
надрезаться,
прирезаться,
урезаться,
результировать,
результативно,
Рейнланд,
рекламно,
рекогносцирование,
рекогносцироваться,
завкафедрой,
репетиторша,
репетирование,
репетичный,
репортировать,
репортёрство,
репортёрский,
подрессоренный,
рессоренный,
решание,
ржачка,
рижанка,
рикошетом,
рискованно,risky
отрисовывать,
отрисовать,
отрисовка,
рисованый,
отрисоваться,
отрисовываться,
роботизированый,
вырожденный,
народый,Popular
уродски,
по-уродски,
по-родственному,
по-родительски,
принародно,
родственники,
электророзетка,
розовость,
бледно-красный,
рок-музыка,
ролевик,
ролевой,
зарубочка,
мясорубочка,
рубаночек,
рубильничек,
рубинчик,
рубиново,
карбованець,
адзін,
руинировать,
безручка,
двуручка,
зарукавье,
наручни,
ручнист,
худрук,
короткорукий,
приручённый,
обезручить,
рулёжка,
по-румынски,
купалка,
мавка,
шутовка,
рыбочка,
рыжесть,
рыжина,
келюх,
лафитник,
рюмаха,
шлюмка,
рязанец,
рязанка,
салфеточница,
самурайчик,
саркастично,
сахалинка,
свеколка,
секулярный,
свинюшка,
свин,
свинячество,
свински,
по-свински,
навязчиво,
ненавязчиво,
священнослужительница,
выгар,
выгорание,burnout
гар,
дымогар,
изгар,
изгара,
негарь,
недогар,
обгар,
отгар,
отгорание,
погорелица,
подгорание,
пригарок,
прогорание,
разгорание,
угарина,
угарыш,
угорание,
сделочка,
полдничный,
каждодневно,
седловой,
совсекретный,
секретить,
секретиться,
совсекретно,
секрецировать,
сексапильный,
семантически,
по-сербски,
сорб,
сервачок,
блейд-сервер,
сервак,
бессеребреник,
серебрянник,
сертифицировать,
сетевуха,
сеулец,
засекание,
иссекание,
надсекание,
рассекание,
усекание,
символически,
эмпатия,
симптомчик,
симтоматика,
симтоматично,
симферополец,
симферопольский,
снтаксический,
синтетически,
диазокопия,
ситуационно,
сифонирование,
сифонировать,
сицилиец,
сицилиский,
скандально,
скатыватья,
скачком,
скачкообразно,
недокачать,
сквозняковый,
скифство,
склонняемость,
поклонить,
поклонять,
скорпионий,
скромненько,
высокоскулый,
узкоскулый,
скульптурка,
скульптурочка,
скульптурища,
скульптурище,
скульптуральный,
по-скульпторски,
скульптурально,
скульптурно,
сладострастно,
непредвиденно,
нерегулярно,
слышность,
посмертие,
смешанно,
смоленец,
умышленый,
неумышленый,
мыслительно,
неумышленно,
мыслимо,
Белоснежка,
заснежить,
снимочек,
снобство,
снобский,
снобствовать,
снопишко,
снопище,
снопина,
снопоклад,
сноповозка,
снопчатый,
сноповозный,
по-собачьи,
соболезнующий,
соболезновательный,
пособолезновать,
соборно,
соборне,
собирательский,
собранно,
собутыльница,
совмещённый,
совдеповец,
совхозник,
совхозница,
соглашательски,
консонантный,
содержательно,
созидательно,
рацио,
соня-полчок,
снотоврное,
снотоврный,
соотнестись,
соперничек,
посоперничать,
ратолюбивый,
соревновательность,
сорнячок,
белобока,
сортовой,
ссасываться,
ссосаться,
ссасывание,
взасос,
соседствующий,
составленный,
составляющий,
ткачик,
несотрудничество,
сотрудничанье,
сотруженик,
сотруженица,
литсотрудник,
коллаборация,
эон,
Софья,
ссыхать,
ссохнуть,
социологиня,
социологичка,
макросоциология,
микросоциология,
экосоциология,
этносоциология,
социологически,
социологично,
сочетаньице,
сочетатель,
сочетательница,
спектрофотометр,
спектрополяриметрия,
спектрографический,
спектрополяриметрический,
спектрально,
украденный,
узкофункциональный,
опешивать,
списочный,
списком,
сплавление,
сплавленный,
сплавливать,
сплавливаться,
сплавщица,
сплавконтора,
плавающий,
сплетнический,
спонсорство,
спонсорша,
спонсорский,
спонсируемый,
спонсировать,
спонсироваться,
спортивно,
неспортивно,
спрашивание,
ссорщик,
ссорщица,
ссорный,
ставрополец,
ставрополька,
сталкерский,
сталкерство,
сталкерша,
стандартно,
состаривать,
состариваться,
старо,
по-старушечьи,
по-стариковски,
старинство,
статистически,
створчатость,
стекание,
стетоскопный,
стишочек,
стихерный,
стихирный,
стихословие,
стих-гимн,
стих-песня,
стих-призыв,
стих-псалом,
стих-раздумье,
стоимостной,
кровосток,
сторожко,
странновато,
страусиный,
страшилка,
отстрелиться,
расстреять,
стремленьице,
устремлённо,
стрессовость,
стрессово,
строганый,
недострой,
строковой,
стихостворение,
структурировать,
структурированный,
струища,
заструить,
отпескоструить,
стукаческий,
отстучаться,
ступенчато,
стунуться,
суеслов,
суетно,
суммарно,
сутевой,
сучёныш,
метасхема,
схематично,
схематически,
считывание,
съезжание,
сыренький,
отсыревший,
сюжетосложение,
сюжетообразующий,
сюжетно,
табуреточный,
табуретовка,
по-таджикски,
тайванька,
таймырец,
таймырский,
тамбовец,
пританцовывание,
танчик,
танцевание,
тапок,
Татария,
татарстанский,
по-татарски,
тащение,
устойчиво,
неколебимо,
непреклонно,
тверяк,
тверитянин,
тверич,
творожок,
сотворённый,
тезаврация,
тезаурусный,
подтекпритекать,
протёк,
кровоподтёчный,
самотёчный,
быстротечно,
телик,
телезрительница,
телефонирование,
темнеющий,
термометрирование,
дотёсывать,
дотесать,
отёсывать,
оттёсывать,
перетёсывать,
растёсывать,
ратесать,
втекание,
истекание,
переток,
тикнуть,
нетипизированный,
титанид,
титровальный,
по-товарищески,
токиец,
токийский,
толерастия,
тонально,
топильный,
утопленнник,
тополёк,
топ-топ,
топотун,
Топтыгин,Bruin
тороидальный,
торчание,
тоталитарно,
точь,
точнёхонько,
трахеола,
тренерша,female trainer
трещание,
трёхгодичный,three-year
трёхдневный,three-day
трёхколёсный,three-wheeled
трёхцветный,three-coloured
тройца,
трёхмиллионный,
стращивать,
трубачик,
работающий,
струсивший,
перетрусивший,
тряпочник,
тряпьёвый,
встрясать,
туманной,
тупизна,
турбинист,
тусовочный,
тутовница,
туфельный,
тыкание,
натыльник,
обзатыливать,
отылить,
истылу,
стылу,
тюленуха,
тюлень-крабоед,
тюремник,
трудоёмко,
бегание,
отбегаться,
бечь,
бегивать,
выбегивать,
набегивать,
побегивать,
убивание,
убивающий,
убощица,
потери,
уводка,
угодливо,
угонщица,
угорёк,
угрёвый,
угрик,
угревой,
угристый,
угрюмоватый,
угрюмовато,
ударно,
удачливо,
удобритель,
недоброкачественый,
недобропорядочный,
удобренный,
сдобровать,
посдобрить,
поудобрять,
удостверять,
узбекистанский,
по-узбекски,
узельный,
узористость,
узорник,
узорница,
узорочность,
узорщик,
узорщица,
узористый,
узорить,
узориться,
разузорить,
разузориться,
узорничать,
узористо,
узорно,
узорчато,
по-украински,
малорос,
домножить,
домножиться,
домножать,
домножаться,
умопомрачительно,
обалденный,amazing
наследствие,
унитазный,
уничтожительный,
уплотнённый,
упёртый,stubborn
упорядочивание,
домоуправитель,
уранистый,
регулирующий,
регуляторский,
разрегулировать,
урезывание,
уркаган,
усердство,
усердствование,
словарность,
пословно,
споконый,
участнический,
ученически,
по-учёному,
шум-фактор,
бихорка,
бихорха,
сольпуга,
сольфуга,
фанатичность,fanaticism
фанатка,
фанатский,
фанатичка,
фанатически,
фанатично,
феерия,play
фантомный,
фарисейка,
фартовый,lucky
фартить,
фартуха,
фартень,
фартушник,
фарцовщица,black-marketeer
фарцевать,
фаршировать,stuff
фасадный,
фашизация,
фашизированный,
фашиствующий,
фашиствовать,
фашизировать,
феминист,feminist
феминистский,feministic
ферментик,
ферментация,fermentation
ферментный,
ферментировать,ferment
энзим,
фиговина,
фигово,sucks
физичка,
фиксаж,fixing solution
фиксатор,pawl
фиксатуар,fixative
фиксатив,fixative
фиксационный,
филантропический,philanthropic
филантропия,philanthropy
филиальный,
фильтрат,filtrate
фильтрол,
фильтровальный,filter
фильтрационный,
фильтровочный,
отфильтровальный,
фингальчик,
фингалище,
фингальный,
зафингалить,
бланш,
финишный,finishing
финляндец,
финляндка,
по-фински,
фирмач,
фича,
флагманский,
флегматик,phlegmatic person
флейтистка,flutist
флейтовый,
флоридец,
расфокусированный,
фокально,
джеджи,
формулировочный,
фотографически,photographically
фраерок,
французишка,
старофранцузский,
фронотвик,
фронтовичка,
фундаментально,
аш,
хамло,
хамски,
хана,
ханжески,
охеревший,
охерительный,
херов,
херячить,
хуй,dick
химикалия,
ключ-хлыст,
хлыстовоз,
хлыстовой,
хлыснуть,
хлысть,
хлыстовец,
насупившийся,
хоженный,
многоходовка,
одноходовка,
полуход,
по-хоккейному,
холестерол,cholesterol
холочка,
хомяковый,
хомячковый,
по-хомячьи,
хором,in chorus
хохмить,
схохмить,
хохляцкий,
хромаль,
хромосомный,
хронологизирующий,
хронологизировать,
энтелодонт,
Пумба,
хрящевой,cartilaginous
худо-бедно,at the very least
царист,
царение,
царски,
Кесария,
кесарский,
цветисто,
цветоведение,
целомудренно,
неповреждённый,
неурезанный,
цензурирование,
неооценённый,
уценять,
ценно,
бесценно,
центристка,
циркумваляция,
циркумнутация,
циркулирующий,
циркообразный,
циркумваляционный,
циркачить,
циркулярно,
цитатка,
оцифровывать,
цыганство,
цыганчик,
цыганистость,
цыгановатость,
цыгановатый,
по-цыгански,
цыгански,
ромал,
ромалэ,
чадно,
часом,sometimes
очеловечивание,
человечно,
человековедение,study of human nature
прихвостни,
угодники,
червяной,
чердачник,
чердачница,
черепичник,
чернокнижница,
чёрственький,
черствить,
чёрство,
правдиво,
по-честному,
бесчестие,
чёточный,
читабельность,
апчхи,
расчленитель,
сочленённый,
почленно,
чревато,fraught with
очувствление,
очувствлять,
чувственно,
чувствительно,
чукотец,
чукотско-камчатский,
чукотско-эскимосский,
тише,
шакалиха,
по-шакальи,
шаловливо,
пошаманить,
подшаманить,
нашаманить,
шаманка,
шахточка,
шахтёрка,
шахтёрская,
шашлычник,
шашлычница,
по-шведски,
свейский,
шедевральный,
шереметьевский,
бесшёрстный,
длинношёрстный,
подшёрстковый,
пошёрстный,
противошёрстный,
шерстевой,
шерстезаготовительный,
шерстемоечный,
шерстеобрабатывающий,
шерстепрядильный,
шерстечесальный,
шёрстный,
шерстовальный,
шерстоносный,
шерстопёрый,
шестовой,
шестерить,
шиворот-навыворот,topsy-turvy
шинница,
шиповниковый,
гульфик,
нашивание,
обшивание,
перешивание,
прошивание,
расшивание,
ушивание,
шифратор,
шифрованный,ciphered
шишкарь,
шишковатость,
шишковый,
шишковать,
шкафный,
шкваловой,
шлагбаумный,
шлёпание,
шлифовалка,
шмончик,
шмонщик,
шпальный,
штангистский,
штрихпунктир,
штык-нож,
щитовая,
эзотеризм,
экологичный,eco-friendly
экономно,
экономично,
экранчик,
экранирование,screening
экраноплан,
экранированный,
электронит,
Кабардино-Балкария,
Карачаево-Черкессия,
энтропийность,
эпидемичность,
эпидемичный,
эпидемически,
эстетически,
эстетски,
по-эстонски,
эсэсовка,
поэтапно,
этически,
этично,
этюдик,
эшафотик,
южнее,to the south
юмористически,
въяве,
яйки,
вкрутую,
яичница-глазунья,fried eggs
яйцо-пашот,
Яня,
Яшуня,
Яшута,
Яшоня,
Яшенька,
Яковка,
Яковлевич,
ямщичка,
ямщичиха,
ямщичество,
ямщиковский,
ямщичихин,
ямщичкин,
по-ямщицки,
илектр,
надъярёмный,
безъярусный,
выярусить,
межъярусный,
надъярус,
подъярус,
полуярус,
поярусный,
семиярусный,
трёхъярусный,
четырёхъярусный,
шестиярусный,
ярусник,
ярусность,
ярусоподъемник,
ярусоразборочный,
выясненность,
выяснимость,
выяснитель,
выяснительница,
изъяснимость,
изъяснитель,
изъяснительница,
неизъяснённость,
неизъяснимость,
необъяснённость,
непрояснённость,
неуяснённость,
объяснимость,
объяснитель,
объяснительница,
пояснитель,
пояснительница,
прояснённость,
прояснитель,
прояснительница,
разъяснимость,
разъяснитель,
разъяснительница,
уяснённость,
яснец,
яска,
яснозоркость,
яснослышание,
изъяснимый,
ясноликий,
яснолицый,
яснеться,
яснить,
ясниться,
необъяснимо,
проаккомпанировать,
донеситсь,
взорать,
оборать,
меньшевичка,
застыженный,
пристыженно,
стыдобуха,
абсурдизация,
авгурский,
западно-черкесский,
заакать,
альтруистка,
ампераж,
анафорический,
анафорный,
анон,
антифашизм,
апатитовый,Adjective of апатит
апологетика,
арабеск,
аргоновый,
арьергардный,Adjective of арьергард
астеничность,
афорический,
аффиксальный,
ахроматичный,
аэроб,
бульбашка,
по-бирмански,
бомболюк,
бомбосбрасыватель,
бабайка,
Австро-Венгрия,
по-венгерски,
веретенообразно,
веретеновидный,
веретеноподобный,
временщичий,
псевдогалоген,
галогенат,
гипогалогенит,
гарпунный,
гарпунщик,
гедонистический,
горнильный,
пандеизм,
деревообделочная,
светодиод,
фотодиодный,
дифтонгизация,
дольменный,
менгир,
дромедар,
заносчиво,
идиосинкразический,
изобар,
иноплеменнический,
по-ирански,
по-кабардински,
кабардино-черкесский,
кардиологический,
карминовый,
карстовый,
карторафический,
карторафия,
квартерон,
квартовый,
арабица,
по-корякски,
арккосеканс,
арккотангенс,
безкрамольный,
бескрамольный,
воскрамолить,
вскрамолить,
злокрамольный,
крамольница,
крамольнический,
крамольничество,
крамольность,
крамольщик,
крамольщица,
накрамолить,
окрамолить,
курдианка,
курдиянка,
курдянка,Kurdish woman
курдчанка,
по-курдски,
курсиха,
лигатурный,
литиевый,
ломбардец,
магматизм,
маслобойный,
метео,
метеоритовый,
млитарист,
негритосский,
тау-нейтрино,
неонаци,
неофашистка,
непорочно,
порочно,
омоформ,
по-осетински,
отжигание,
патрулирование,
эрастес,
эроменос,
пескарик,
плевальница,
подание,
портерный,
прелюбодейство,
пресмыкание,
пуншевать,
пыльничек,
пыление,
пястье,
пястно-запястный,
пястно-лучевой,
пястно-фаланговый,
радиозондовый,
ребячески,
непубертатный,
реваншистка,
многоречистый,
рогоносный,
саманный,
самовластитель,
самовластительство,
самовластник,
сардоничность,
сардоничный,
сардонически,
октант,
лужичанка,
сорбка,
сербохорватский,
сикамор,
скальдический,
слюдизация,
совиное,
совообразное,
сорговый,
сочельный,
спиртец,
спиртик,
спиртовочка,
спиртомерчик,
спиртище,
заспиртованность,
заспиртовывание,
полиспирт,
полуспирт,
псевдоспирт,
проспиртованность,
спиртование,
спиртовальщик,
спиртовальщица,
спиртоватость,
спиртовик,
спиртуозность,
спиртяга,
спиртозавод,
спиртовоз,
бесспиртовой,
многоспиртовой,
полиспиртовой,
полуспиртовой,
псевдоспиртовой,
спиртоватый,
спиртовочный,
спиртомерный,
спиртуозный,
отспиртовать,
отспиртовывать,
статичный,
крыши,
по-уйгурски,
человеконенавистник,man-hater
дочелобитничать,
начелобитничать,
челобитный,
сталинградка,
дабл-ю,
Чомолангма,
гитаристский,
пиндоска,
демшизовый,
дубоноска,
ханьцы,
блядоход,
блядский,
североамериканский,
языковедный,
языковедческий,linguistic
лондоновский,
москалька,
ссаный,
ссание,
по-малому,
бозонный,
лептонный,
ликантроп,
верволк,
аутсорсер,
электрофонный,
подкачивание,
стаарый,
наставание,
стругальный,
стругальщик,
струганый,
стругач,
по-туркменски,
халявно,
экзотично,
друг друга,each other
до свидания,bye (formal)
доброе утро,good morning
добрый день,good day
добрый вечер,good evening
потому что,because
кредитная карта,credit card
все,everybody
на самом деле,actually
меня,genitive of I
тебя,"genetive of ""you"""
нас,"genetive of ""we"""
вас,you
мне,"dative of ""I"""
тебе,"dative of ""you"""
ему,"dative of ""he"""
ей,"dative of ""she"""
нам,"dative of ""we"""
вам,"dative of ""you (plural)"""
им,"dative of ""they"""
есть,there is
это-то,that is
ничему,
ничем,
ни о чём,
добро пожаловать,welcome!
с тех пор,since then
уж,really
тут,here
простите,forgive me
зовут,to be called
экстремально,extreme
репчатый лук,garden onion
парами,two of ...
вничью,draw (sport)
начиная,from ...
экстренная контрацепция,the morning-after pill
специальное предложение,special offer
стыковочный рейс,connecting flight
указатель поворота,turn indicator
отказано,denied
помедленнее,slower
натурал,heterosexual
занято,
облачно,
бывший в употреблении,
бывший в употреблении,
запрещено,
Кому,
будет,
дошло,
сверху донизу,from top to bottom
ночью,
черпать землю,
слоновая кост,
слоновая кость,ivory
поло,
льзя,
приют для животных,animal shelter
приют для беженцев,refugee shelter
потише,
